User Attribute,%
Email,0.950980392
Password,0.830065359
Usernames,0.64379085
Names,0.535947712
IP Addresses,0.411764706
Physical addresses,0.169934641
Dates of birth,0.241830065
